,price,bedrooms,bathrooms,stories,mainroad,guestroom,basement,hotwaterheating,airconditioning,parking,prefarea,semi-furnished,unfurnished
0,13300000,4,2,3,1,0,0,0,1,2,1,0,0
1,12250000,4,4,4,1,0,0,0,1,3,0,0,0
2,12250000,3,2,2,1,0,1,0,0,2,1,1,0
3,12215000,4,2,2,1,0,1,0,1,3,1,0,0
4,11410000,4,1,2,1,1,1,0,1,2,0,0,0
5,10850000,3,3,1,1,0,1,0,1,2,1,1,0
6,10150000,4,3,4,1,0,0,0,1,2,1,1,0
7,10150000,5,3,2,1,0,0,0,0,0,0,0,1
8,9870000,4,1,2,1,1,1,0,1,2,1,0,0
9,9800000,3,2,4,1,1,0,0,1,1,1,0,1
10,9800000,3,1,2,1,0,1,0,1,2,1,0,0
11,9681000,4,3,2,1,1,1,1,0,2,0,1,0
12,9310000,4,2,2,1,0,0,0,1,1,1,1,0
13,9240000,4,2,2,1,0,0,1,0,2,0,0,0
14,9240000,3,2,2,1,0,0,0,0,0,1,1,0
15,9100000,4,1,2,1,0,1,0,0,2,0,1,0
16,9100000,4,2,2,1,1,1,0,1,1,1,0,1
17,8960000,3,2,4,1,0,0,0,1,2,0,0,0
18,8890000,3,2,2,1,1,0,0,1,2,0,0,0
19,8855000,3,2,2,1,0,0,0,1,1,1,1,0
20,8750000,3,1,2,1,0,1,1,0,2,0,1,0
21,8680000,3,2,1,1,1,1,0,1,2,0,0,1
22,8645000,3,1,1,1,1,1,0,1,1,0,0,0
23,8645000,3,2,2,1,1,1,0,1,1,0,0,0
24,8575000,3,2,2,1,0,0,0,1,2,0,0,0
25,8540000,4,2,2,1,1,1,0,1,2,1,0,0
26,8463000,3,2,4,1,1,1,0,1,0,1,1,0
27,8400000,3,1,1,1,0,0,0,0,1,0,1,0
28,8400000,5,2,2,1,0,1,1,0,2,0,0,1
29,8400000,4,2,2,1,0,1,0,1,1,1,1,0
30,8400000,3,2,4,1,0,0,0,1,2,0,0,1
31,8400000,3,1,4,1,0,0,0,1,2,0,1,0
32,8295000,4,2,2,1,0,0,0,1,1,1,0,0
33,8190000,3,3,2,1,1,1,0,0,1,0,0,1
34,8120000,5,1,2,1,1,1,0,1,1,0,0,0
35,8080940,3,2,4,1,0,0,0,1,2,0,0,0
36,8043000,3,2,3,1,0,0,1,0,1,1,0,0
37,7980000,4,2,4,1,0,0,0,1,2,0,0,0
38,7962500,3,1,4,1,1,0,0,1,2,0,0,1
39,7910000,4,2,4,1,0,0,0,1,1,0,1,0
40,7875000,3,1,2,1,0,1,0,1,0,1,0,0
41,7840000,3,2,4,1,0,0,0,1,0,1,0,0
42,7700000,3,2,4,1,0,0,0,1,2,0,0,1
43,7700000,4,2,4,1,0,0,0,0,2,0,1,0
44,7560000,4,2,4,1,0,0,0,1,1,0,0,0
45,7560000,3,2,3,1,0,0,0,1,0,0,1,0
46,7525000,3,2,4,1,0,0,0,1,1,0,0,0
47,7490000,3,1,4,1,0,0,0,1,3,1,0,0
48,7455000,3,2,2,1,0,1,0,0,1,0,0,1
49,7420000,3,2,1,1,1,1,0,1,0,1,1,0
50,7420000,3,2,4,1,0,0,0,0,1,1,0,1
51,7420000,3,1,4,1,0,0,0,1,1,0,0,1
52,7350000,4,2,4,1,1,0,0,1,1,0,0,0
53,7350000,3,2,4,1,0,0,0,1,2,0,1,0
54,7350000,3,2,2,1,1,0,0,1,1,0,1,0
55,7350000,3,1,2,1,0,0,0,1,1,0,0,1
56,7343000,4,1,2,1,0,1,0,0,1,1,1,0
57,7245000,4,2,4,1,1,0,0,1,1,1,0,0
58,7210000,4,2,4,1,1,0,0,1,1,0,1,0
59,7210000,3,2,4,1,1,0,0,1,1,0,0,0
60,7140000,3,2,2,1,1,0,0,0,1,0,1,0
61,7070000,2,1,1,1,0,0,0,1,1,0,1,0
62,7070000,4,2,2,1,0,0,0,1,1,0,0,0
63,7035000,4,2,3,1,0,0,0,1,2,1,0,0
64,7000000,3,1,1,1,0,1,0,1,1,1,0,0
65,6930000,3,2,2,1,0,1,0,1,1,0,0,0
66,6930000,2,1,1,1,0,1,1,0,1,0,0,0
67,6895000,3,2,1,1,0,0,0,0,2,0,0,1
68,6860000,3,1,1,1,0,0,0,1,1,0,0,0
69,6790000,4,2,2,1,0,0,0,0,2,1,0,0
70,6790000,3,2,2,1,0,1,0,1,0,1,1,0
71,6755000,4,2,4,1,0,0,0,1,0,0,0,1
72,6720000,3,1,4,1,0,0,0,1,0,1,0,1
73,6685000,2,2,4,1,0,1,0,0,0,1,0,0
74,6650000,3,1,2,1,0,1,1,0,1,0,0,0
75,6650000,4,2,2,1,0,0,1,0,0,0,1,0
76,6650000,3,2,3,1,0,0,0,1,0,1,0,0
77,6650000,3,2,3,1,0,0,0,1,0,1,0,0
78,6650000,3,1,1,1,1,1,0,1,2,1,0,0
79,6650000,3,2,3,1,1,0,0,1,0,0,0,0
80,6629000,3,1,2,1,0,0,1,0,1,1,1,0
81,6615000,3,2,2,1,0,1,0,1,1,0,1,0
82,6615000,3,2,1,1,0,1,0,1,1,1,0,0
83,6580000,3,2,4,1,0,0,0,1,0,0,1,0
84,6510000,3,1,2,1,0,0,1,0,2,0,1,0
85,6510000,3,2,3,1,0,0,0,1,0,0,0,0
86,6510000,3,1,3,1,0,1,0,0,0,1,0,1
87,6475000,3,1,1,1,0,1,0,0,2,0,1,0
88,6475000,3,1,1,1,1,1,0,1,2,1,0,1
89,6440000,5,3,2,1,0,0,0,0,2,0,0,0
90,6440000,3,1,2,1,0,0,0,1,0,0,1,0
91,6419000,2,1,1,1,1,1,0,0,2,1,0,0
92,6405000,3,2,4,1,1,0,0,1,0,0,0,0
93,6300000,3,2,1,1,0,1,0,1,3,0,1,0
94,6300000,4,2,4,1,0,0,0,0,1,0,1,0
95,6300000,3,2,3,1,0,0,0,1,2,0,1,0
96,6300000,3,1,1,1,0,1,0,0,1,1,0,0
97,6300000,3,1,1,1,1,1,0,1,1,1,1,0
98,6293000,3,2,3,1,0,0,0,1,0,1,0,1
99,6265000,4,1,3,1,1,1,0,0,0,1,0,1
100,6230000,3,2,1,1,0,1,0,1,0,1,0,1
101,6230000,3,1,3,1,0,0,0,0,1,1,0,1
102,6195000,3,2,4,1,1,0,0,1,1,0,1,0
103,6195000,3,2,3,1,1,0,0,1,0,0,0,0
104,6195000,3,2,1,1,1,1,0,0,2,1,0,0
105,6160000,3,1,4,1,0,0,0,1,0,0,0,1
106,6160000,4,2,1,1,0,1,0,1,0,1,1,0
107,6125000,3,1,3,1,0,1,0,0,0,1,0,1
108,6107500,4,1,3,1,0,0,0,0,1,0,1,0
109,6090000,4,2,2,1,1,0,1,0,1,0,1,0
110,6090000,3,1,1,1,1,1,0,0,2,1,1,0
111,6090000,3,1,3,1,0,0,0,1,2,0,0,1
112,6083000,6,2,2,1,0,0,0,0,0,0,0,0
113,6083000,3,1,1,1,0,1,0,0,2,1,0,0
114,6020000,2,1,1,1,1,1,0,0,2,0,0,0
115,6020000,3,1,1,1,1,1,0,1,2,1,1,0
116,6020000,3,2,1,1,1,1,0,0,0,1,0,1
117,5950000,4,1,2,1,1,0,0,1,0,0,0,0
118,5950000,3,1,1,1,0,1,0,1,0,1,0,0
119,5950000,3,1,1,1,0,1,0,1,2,1,1,0
120,5950000,3,1,1,1,1,1,0,0,2,1,0,0
121,5950000,3,1,2,1,1,1,0,1,0,1,1,0
122,5950000,4,2,1,1,0,1,0,0,1,1,1,0
123,5950000,4,2,2,1,0,0,0,0,0,0,0,0
124,5950000,3,2,4,1,0,0,0,0,1,0,0,0
125,5943000,3,1,1,1,0,0,0,1,2,0,1,0
126,5880000,3,1,1,1,0,1,0,0,2,1,0,1
127,5880000,3,2,3,1,0,0,0,1,0,0,0,1
128,5873000,3,1,3,1,1,0,0,1,1,0,0,0
129,5873000,3,1,3,1,0,0,0,0,2,1,1,0
130,5866000,3,1,1,1,1,1,0,0,0,0,0,1
131,5810000,4,1,4,1,1,0,0,0,0,0,1,0
132,5810000,3,1,3,1,0,0,0,1,0,0,1,0
133,5810000,3,1,3,1,0,0,0,1,0,0,0,1
134,5803000,3,1,1,1,0,1,0,0,2,1,1,0
135,5775000,3,2,4,1,0,0,0,1,0,0,0,1
136,5740000,4,2,2,1,0,0,0,1,2,0,0,1
137,5740000,4,1,2,1,0,0,0,0,1,0,1,0
138,5740000,3,1,3,1,0,0,0,1,0,0,1,0
139,5740000,3,1,1,1,1,1,0,1,2,1,0,0
140,5740000,3,2,4,1,0,0,0,1,0,0,0,1
141,5652500,4,2,2,1,1,1,0,0,1,1,1,0
142,5600000,4,2,2,1,0,0,0,0,1,0,1,0
143,5600000,5,2,3,0,0,1,1,0,0,0,0,1
144,5600000,4,1,2,1,1,1,0,1,1,0,0,0
145,5600000,3,1,4,1,0,0,0,0,0,0,0,0
146,5600000,2,1,1,1,0,0,0,0,1,0,1,0
147,5600000,3,2,2,1,0,0,0,0,1,0,1,0
148,5600000,3,1,3,1,0,0,0,0,0,1,1,0
149,5600000,4,2,1,1,0,1,0,0,0,1,1,0
150,5600000,3,1,2,1,1,1,0,1,0,1,0,1
151,5565000,4,1,2,1,0,0,0,1,2,1,1,0
152,5565000,5,1,2,1,1,1,0,1,0,1,0,0
153,5530000,3,3,2,1,0,1,0,0,0,0,1,0
154,5530000,3,2,2,1,0,0,0,0,2,0,1,0
155,5530000,3,2,1,1,0,1,0,0,2,1,0,0
156,5523000,3,1,1,1,1,1,0,0,0,1,1,0
157,5495000,4,2,2,0,1,1,0,0,1,0,0,0
158,5495000,3,1,1,1,0,0,0,0,2,0,1,0
159,5460000,3,2,1,1,1,1,0,1,0,0,0,0
160,5460000,4,1,4,1,1,0,0,1,0,0,0,0
161,5460000,3,1,3,1,1,0,0,1,0,1,1,0
162,5460000,4,2,2,1,1,1,0,0,0,1,1,0
163,5425000,3,1,1,1,1,1,0,1,0,1,1,0
164,5390000,3,2,2,1,1,1,0,0,1,1,0,0
165,5383000,3,2,1,1,1,1,1,0,0,0,0,1
166,5320000,3,1,1,1,0,1,0,1,2,1,0,1
167,5285000,2,2,1,1,0,0,0,1,2,0,1,0
168,5250000,4,1,2,1,0,1,0,1,0,0,0,0
169,5250000,4,2,2,0,0,0,0,1,0,0,1,0
170,5250000,3,2,1,1,0,1,0,0,0,0,1,0
171,5250000,3,1,1,1,0,0,0,0,1,1,1,0
172,5250000,3,1,2,1,1,1,0,1,2,1,0,1
173,5250000,4,2,1,1,0,0,0,1,0,1,0,1
174,5250000,3,1,2,1,1,1,0,0,1,1,0,1
175,5250000,4,2,2,1,1,0,0,0,2,0,1,0
176,5250000,3,1,1,1,0,0,0,1,2,0,0,0
177,5243000,3,1,1,1,0,1,0,0,0,1,1,0
178,5229000,3,1,1,1,1,1,0,0,2,1,1,0
179,5215000,3,2,2,1,0,0,0,0,2,0,1,0
180,5215000,4,2,1,0,0,1,0,1,2,0,1,0
181,5215000,3,1,2,1,1,1,0,0,1,1,0,0
182,5145000,3,1,2,0,0,0,0,1,0,0,1,0
183,5145000,3,1,1,1,0,0,0,0,1,1,1,0
184,5110000,3,2,2,1,1,1,0,0,0,0,0,0
185,5110000,3,1,2,1,0,1,0,0,0,0,0,1
186,5110000,2,1,2,1,0,0,0,0,0,1,0,0
187,5110000,3,1,1,1,0,1,0,1,0,1,1,0
188,5075000,2,1,2,1,0,0,0,1,0,1,0,1
189,5040000,2,1,1,0,1,1,0,0,0,0,1,0
190,5040000,4,1,2,1,0,0,0,1,2,0,0,0
191,5040000,3,1,2,1,1,1,0,0,0,0,1,0
192,5040000,3,1,1,1,1,1,0,0,0,1,0,0
193,5033000,2,1,1,1,1,1,0,0,0,0,1,0
194,5005000,3,2,1,1,1,1,0,0,0,0,1,0
195,4970000,4,3,2,1,0,1,0,0,2,0,1,0
196,4970000,3,1,1,1,1,1,1,0,0,0,1,0
197,4956000,3,2,2,0,0,1,0,1,1,0,1,0
198,4935000,3,1,2,1,0,0,0,1,0,0,1,0
199,4907000,3,1,2,1,0,0,0,0,1,0,0,0
200,4900000,3,1,2,1,0,1,0,1,0,0,1,0
201,4900000,3,1,2,0,1,1,0,1,0,0,1,0
202,4900000,2,1,1,1,0,1,0,0,1,0,1,0
203,4900000,4,1,2,1,0,0,0,0,0,0,1,0
204,4900000,3,1,1,1,1,1,0,0,0,0,1,0
205,4900000,3,1,1,1,0,0,0,1,2,0,1,0
206,4900000,2,1,1,1,1,1,0,1,0,0,1,0
207,4900000,3,1,2,1,0,1,0,1,0,0,1,0
208,4900000,3,1,3,1,0,0,0,0,0,0,1,0
209,4900000,3,1,1,1,0,0,0,0,0,0,0,1
210,4900000,3,1,2,1,1,1,0,0,2,0,1,0
211,4900000,3,1,1,1,0,0,0,0,2,0,0,0
212,4893000,4,2,2,1,0,1,0,1,2,0,1,0
213,4893000,4,2,1,1,0,1,0,0,0,0,1,0
214,4865000,2,1,1,1,0,1,0,0,0,0,0,1
215,4830000,3,1,3,1,0,0,0,0,0,0,0,1
216,4830000,3,1,1,1,0,0,0,0,2,1,1,0
217,4830000,3,1,2,1,0,0,0,1,2,1,0,0
218,4830000,2,1,1,1,0,0,0,1,0,1,1,0
219,4795000,3,1,2,1,0,1,0,0,0,0,0,1
220,4795000,4,1,4,1,0,1,0,1,2,0,1,0
221,4767000,4,2,2,1,0,0,0,0,0,0,1,0
222,4760000,2,1,1,1,0,1,0,1,2,0,1,0
223,4760000,3,1,2,1,0,1,0,1,1,0,0,0
224,4760000,2,1,1,1,0,0,0,1,2,1,0,1
225,4753000,2,1,1,1,0,0,0,1,3,0,1,0
226,4690000,3,1,4,1,0,0,0,1,0,0,1,0
227,4690000,2,1,1,1,0,1,0,1,1,0,0,0
228,4690000,3,1,2,1,0,0,0,0,2,0,1,0
229,4690000,4,2,2,1,1,1,0,0,1,0,1,0
230,4690000,2,1,2,1,0,0,0,0,0,1,1,0
231,4690000,3,1,1,1,0,0,0,0,0,1,1,0
232,4655000,3,1,2,1,0,1,0,0,0,0,0,0
233,4620000,3,1,1,1,1,1,0,1,0,0,0,1
234,4620000,3,2,2,1,0,1,0,0,2,0,1,0
235,4620000,3,1,2,1,1,0,0,1,1,0,1,0
236,4620000,2,1,2,1,1,1,0,0,0,1,1,0
237,4620000,3,1,2,1,0,1,0,0,0,0,1,0
238,4613000,4,2,2,1,0,1,0,0,0,0,1,0
239,4585000,3,1,2,1,0,0,0,0,1,0,0,0
240,4585000,3,1,2,1,0,0,0,0,1,1,1,0
241,4550000,3,1,1,1,0,0,0,0,2,0,1,0
242,4550000,3,1,2,1,0,0,0,1,0,0,0,0
243,4550000,3,1,2,1,0,1,0,0,0,0,0,0
244,4550000,3,1,2,1,1,1,0,0,0,1,1,0
245,4550000,3,1,2,1,0,0,0,0,2,1,0,1
246,4550000,3,1,1,1,0,0,0,0,0,1,1,0
247,4550000,4,1,4,1,0,0,0,0,3,0,0,1
248,4543000,2,2,1,1,1,1,0,0,0,0,1,0
249,4543000,4,2,2,1,1,1,0,0,0,1,0,0
250,4515000,3,1,3,1,0,0,0,0,0,0,1,0
251,4515000,3,1,2,1,0,1,0,0,1,0,1,0
252,4515000,3,1,1,1,0,0,0,0,0,0,1,0
253,4515000,2,1,2,1,0,0,0,0,0,1,0,0
254,4480000,4,1,2,1,0,0,0,1,2,0,1,0
255,4480000,2,1,1,1,0,0,0,1,1,0,0,1
256,4480000,3,1,2,1,0,0,0,0,2,0,0,0
257,4480000,3,1,1,1,0,0,0,0,0,0,0,0
258,4480000,3,1,2,1,0,0,0,0,1,0,1,0
259,4473000,2,1,1,1,0,1,0,1,1,0,0,0
260,4473000,3,1,2,1,0,0,0,1,1,0,0,0
261,4473000,3,1,2,1,0,0,0,0,0,0,1,0
262,4445000,2,1,1,1,1,1,0,0,0,0,1,0
263,4410000,3,1,2,0,0,0,0,0,0,0,1,0
264,4410000,2,1,2,1,0,1,0,0,0,0,1,0
265,4403000,3,1,2,1,0,0,0,0,0,1,1,0
266,4403000,3,1,1,1,0,0,0,0,2,1,0,1
267,4403000,3,1,2,1,0,0,0,0,1,0,1,0
268,4382000,4,1,2,1,0,0,0,1,0,0,1,0
269,4375000,3,1,2,1,0,0,0,0,0,0,0,1
270,4340000,3,2,3,1,0,0,1,0,1,0,0,0
271,4340000,5,1,2,0,0,1,0,0,0,0,1,0
272,4340000,3,1,1,1,1,1,0,0,2,0,1,0
273,4340000,4,1,2,1,0,0,0,0,2,0,0,0
274,4340000,4,1,2,1,0,0,0,0,0,0,1,0
275,4319000,2,1,1,1,0,1,0,0,0,0,0,0
276,4305000,2,1,1,1,0,0,0,0,1,0,1,0
277,4305000,2,1,1,1,0,0,0,0,1,1,1,0
278,4277000,3,1,2,1,0,1,0,0,2,1,1,0
279,4270000,2,1,1,1,0,0,0,0,0,0,0,0
280,4270000,2,1,2,1,0,0,0,0,0,0,0,1
281,4270000,2,1,1,1,0,0,0,1,2,0,0,0
282,4270000,3,1,2,0,1,1,0,1,0,0,0,1
283,4270000,4,1,2,1,0,0,0,0,0,0,0,0
284,4270000,2,1,1,1,0,0,0,0,1,0,0,0
285,4235000,3,1,2,1,1,0,0,0,0,0,1,0
286,4235000,3,1,1,1,0,1,0,0,0,1,0,0
287,4200000,3,1,2,1,0,0,0,1,0,0,0,1
288,4200000,3,1,2,1,0,1,0,1,0,0,0,1
289,4200000,2,1,1,1,1,1,0,0,2,0,1,0
290,4200000,4,3,2,0,0,0,0,0,0,0,1,0
291,4200000,3,1,2,1,0,1,0,1,0,0,0,1
292,4200000,4,2,2,0,0,0,0,0,0,0,1,0
293,4200000,2,1,1,0,0,0,0,0,1,0,0,1
294,4200000,4,2,2,0,0,0,0,0,0,0,1,0
295,4200000,3,1,2,0,0,0,0,0,0,0,1,0
296,4200000,3,2,2,1,0,0,0,1,1,0,1,0
297,4200000,3,2,2,1,0,1,0,0,0,0,0,1
298,4200000,3,1,1,1,0,0,1,0,2,0,1,0
299,4200000,3,1,1,1,0,0,0,0,3,0,0,0
300,4200000,3,1,3,1,0,0,0,0,0,0,1,0
301,4200000,3,1,2,1,0,0,0,0,0,1,1,0
302,4200000,3,1,3,1,0,0,0,0,1,1,0,1
303,4200000,3,1,1,1,0,1,0,0,0,0,0,0
304,4193000,3,1,1,1,0,1,0,0,3,0,1,0
305,4193000,3,1,2,1,0,0,0,0,1,0,1,0
306,4165000,3,1,2,1,0,0,0,0,1,0,1,0
307,4165000,3,1,2,1,0,0,0,0,2,0,1,0
308,4165000,3,1,2,1,0,1,0,0,1,0,1,0
309,4130000,4,1,2,1,0,0,0,1,0,0,1,0
310,4130000,3,1,1,1,0,1,0,0,0,0,1,0
311,4123000,2,1,1,1,0,1,0,0,1,0,1,0
312,4098500,3,1,1,1,0,1,0,1,0,1,0,0
313,4095000,3,2,2,1,0,0,0,0,0,0,1,0
314,4095000,2,1,2,1,0,0,0,0,1,0,1,0
315,4095000,2,1,1,1,0,0,0,1,0,0,1,0
316,4060000,4,2,2,0,0,1,0,0,1,0,0,1
317,4060000,3,2,2,1,0,0,0,0,2,0,0,1
318,4060000,3,1,1,1,0,0,0,0,0,0,1,0
319,4060000,4,1,3,1,0,1,0,1,2,0,1,0
320,4060000,3,1,2,1,0,0,0,0,2,1,0,0
321,4025000,3,2,2,1,0,0,1,0,2,0,1,0
322,4025000,3,2,1,1,0,1,0,1,1,0,0,0
323,4025000,3,1,1,1,0,0,0,0,3,0,1,0
324,4007500,3,1,2,0,0,1,0,1,0,0,1,0
325,4007500,4,1,2,1,0,0,0,1,0,0,1,0
326,3990000,4,1,1,0,0,1,0,0,0,0,0,1
327,3990000,3,1,2,0,0,0,0,1,1,0,1,0
328,3990000,3,2,2,0,0,1,0,1,0,0,1,0
329,3990000,3,1,2,1,0,0,0,0,0,0,0,0
330,3990000,2,1,2,1,1,1,0,0,0,1,0,1
331,3920000,3,2,1,1,1,1,0,0,3,0,0,0
332,3920000,4,1,2,1,1,1,0,0,0,0,1,0
333,3920000,3,1,2,1,0,0,0,0,0,0,1,0
334,3920000,2,1,1,1,0,0,1,0,1,0,0,0
335,3920000,2,1,1,1,0,1,0,1,2,0,0,0
336,3920000,3,1,1,1,0,0,0,1,2,0,1,0
337,3920000,4,2,1,1,0,1,0,0,0,1,0,1
338,3885000,2,1,2,1,1,1,0,0,0,0,1,0
339,3885000,4,2,2,1,0,0,0,0,0,0,0,0
340,3850000,5,2,2,1,0,0,0,0,0,0,1,0
341,3850000,2,2,1,1,0,1,0,0,2,0,1,0
342,3850000,3,1,2,1,0,0,0,1,0,0,0,0
343,3850000,2,1,1,1,0,0,0,0,0,0,1,0
344,3850000,2,1,1,1,0,0,0,0,0,0,1,0
345,3850000,3,1,2,1,0,1,0,0,0,1,1,0
346,3850000,2,1,2,1,1,0,0,0,0,1,1,0
347,3836000,3,1,2,1,0,0,0,0,0,0,0,1
348,3815000,2,2,1,0,0,1,0,0,0,0,1,0
349,3780000,3,1,2,1,0,0,0,0,0,0,1,0
350,3780000,2,1,2,1,0,0,1,0,1,0,1,0
351,3780000,2,1,1,1,0,0,0,0,0,0,1,0
352,3780000,2,1,1,1,0,0,0,0,2,0,0,1
353,3780000,3,1,3,1,0,0,0,0,0,1,0,0
354,3780000,2,1,1,1,0,0,0,0,1,0,0,0
355,3773000,3,1,1,1,0,0,0,0,2,0,0,0
356,3773000,5,2,1,0,0,1,0,1,1,0,0,0
357,3773000,4,1,2,0,0,0,0,0,1,0,0,0
358,3745000,2,1,1,1,0,0,0,0,0,1,1,0
359,3710000,3,1,1,1,0,0,0,0,1,0,0,1
360,3710000,2,1,1,1,0,0,0,0,0,0,1,0
361,3710000,3,1,1,1,0,0,0,0,0,0,1,0
362,3710000,2,1,1,1,0,0,0,0,0,0,0,0
363,3710000,2,1,1,1,0,0,1,0,0,0,1,0
364,3703000,3,1,2,0,0,1,1,0,0,0,1,0
365,3703000,2,1,1,1,0,0,0,0,0,0,0,0
366,3675000,2,1,1,1,0,1,0,0,0,0,0,0
367,3675000,2,1,1,1,0,0,0,1,0,0,0,1
368,3675000,2,1,1,0,0,0,0,0,0,0,1,0
369,3675000,2,1,1,1,0,0,0,0,0,0,0,0
370,3640000,2,1,1,1,0,0,0,1,2,0,1,0
371,3640000,3,1,2,1,0,1,0,0,0,0,1,0
372,3640000,3,1,2,0,0,1,0,0,0,0,1,0
373,3640000,2,1,2,1,0,0,0,1,0,0,0,0
374,3640000,2,2,1,1,0,1,0,0,0,0,1,0
375,3640000,3,1,2,1,1,1,0,0,0,0,0,1
376,3640000,3,2,2,1,0,0,0,0,2,0,1,0
377,3640000,3,2,2,0,0,1,0,0,0,1,0,1
378,3640000,3,1,3,1,0,0,1,1,0,1,1,0
379,3633000,3,1,1,1,0,0,0,0,2,1,0,1
380,3605000,2,1,1,1,0,0,0,0,0,0,1,0
381,3605000,2,1,1,1,0,0,0,0,0,1,1,0
382,3570000,3,1,2,1,0,1,0,0,0,0,0,0
383,3570000,4,2,2,1,0,1,0,0,2,0,0,0
384,3570000,2,1,1,0,0,0,0,0,0,0,0,0
385,3570000,2,1,1,1,0,0,0,0,0,0,0,1
386,3535000,3,1,1,1,0,0,0,0,2,0,0,1
387,3500000,3,1,2,1,0,0,0,1,0,0,1,0
388,3500000,3,1,2,1,0,0,0,0,0,0,0,1
389,3500000,4,1,2,1,0,0,0,0,0,0,1,0
390,3500000,3,2,2,0,0,0,0,0,0,0,0,1
391,3500000,3,1,2,1,0,1,0,0,0,0,1,0
392,3500000,3,1,2,1,0,0,0,0,0,0,1,0
393,3500000,3,1,1,0,0,0,0,0,0,0,0,1
394,3500000,3,1,1,0,0,0,0,1,0,0,0,1
395,3500000,6,1,2,1,0,0,0,0,1,0,0,1
396,3500000,2,1,1,1,0,0,0,0,1,0,1,0
397,3500000,2,1,1,1,0,0,0,0,1,0,0,0
398,3500000,3,1,2,1,0,0,0,0,1,0,0,1
399,3500000,2,1,1,1,0,0,0,0,1,0,1,0
400,3500000,2,1,1,1,0,0,0,0,1,1,0,1
401,3500000,3,1,2,1,0,0,0,0,3,1,0,1
402,3500000,2,1,1,1,0,0,0,0,0,0,0,1
403,3500000,3,1,1,1,0,0,0,0,0,0,0,1
404,3493000,3,1,2,0,0,0,0,0,0,0,0,1
405,3465000,3,1,1,1,0,0,0,0,0,0,0,1
406,3465000,2,1,1,1,0,0,0,0,1,1,0,1
407,3465000,3,1,3,1,0,0,0,0,0,1,0,0
408,3430000,2,1,1,1,0,0,0,0,0,0,0,1
409,3430000,2,1,1,1,0,0,0,0,2,0,0,1
410,3430000,3,1,1,1,0,0,0,0,0,0,0,1
411,3430000,3,1,3,1,0,0,0,0,0,1,0,0
412,3430000,3,1,2,1,0,1,0,0,0,1,0,1
413,3430000,3,2,2,1,0,1,0,0,0,1,0,1
414,3423000,2,1,1,1,0,0,0,0,0,0,0,1
415,3395000,3,1,2,1,1,1,0,1,1,0,0,0
416,3395000,3,1,1,1,0,1,0,0,2,0,0,1
417,3395000,2,1,1,1,0,0,0,0,0,0,0,0
418,3360000,4,1,2,1,0,0,0,1,2,0,0,1
419,3360000,4,1,3,0,0,0,0,0,0,0,1,0
420,3360000,2,1,2,1,0,0,0,0,0,0,0,1
421,3360000,2,1,1,1,0,0,0,0,0,0,0,1
422,3360000,2,1,1,0,0,0,0,1,0,0,0,1
423,3360000,3,1,1,1,0,0,0,0,0,0,0,1
424,3360000,3,1,2,0,0,1,0,0,0,0,1,0
425,3360000,2,1,1,1,0,1,0,0,2,0,0,0
426,3353000,3,1,1,0,0,0,0,0,0,0,0,0
427,3332000,3,1,2,1,0,1,0,0,0,1,0,0
428,3325000,2,1,1,1,0,0,0,0,1,0,0,1
429,3325000,4,1,2,1,0,0,0,0,0,0,0,1
430,3290000,2,1,1,0,0,0,0,1,0,0,0,1
431,3290000,4,1,2,1,0,1,0,1,0,0,0,1
432,3290000,3,1,1,1,1,1,0,0,0,0,0,0
433,3290000,4,1,2,0,0,0,0,0,1,0,1,0
434,3290000,4,1,2,1,0,0,0,0,0,0,1,0
435,3290000,2,1,1,1,0,0,0,0,0,0,0,1
436,3290000,3,1,2,1,0,1,0,0,0,1,0,0
437,3290000,3,1,1,1,0,0,0,0,1,0,0,1
438,3255000,2,1,1,0,0,0,0,0,0,0,1,0
439,3255000,2,1,1,0,0,0,0,0,0,0,0,1
440,3234000,4,1,2,1,0,1,0,0,0,0,0,1
441,3220000,3,1,2,1,0,0,0,0,0,0,0,1
442,3220000,2,1,1,1,0,0,0,1,1,0,0,1
443,3220000,3,1,1,0,0,0,0,0,1,0,0,1
444,3220000,3,1,2,0,0,0,0,0,0,0,0,0
445,3150000,1,1,1,1,0,0,0,0,0,0,0,0
446,3150000,2,2,1,0,1,1,0,0,1,0,0,1
447,3150000,2,1,1,0,0,1,0,0,0,0,1,0
448,3150000,2,1,1,1,0,0,0,0,2,0,1,0
449,3150000,3,1,2,0,0,1,0,0,0,0,0,1
450,3150000,3,1,2,1,0,1,0,0,0,0,1,0
451,3150000,2,1,1,1,0,0,0,0,0,0,1,0
452,3150000,3,1,2,1,0,0,0,0,2,0,1,0
453,3150000,2,1,1,1,0,0,0,0,1,0,0,1
454,3143000,3,1,2,1,0,0,0,1,0,0,0,1
455,3129000,3,1,1,1,0,1,0,0,0,0,0,1
456,3118850,3,1,1,1,0,0,0,0,0,1,1,0
457,3115000,3,1,1,0,0,0,0,1,0,0,0,1
458,3115000,3,1,2,1,0,0,0,0,0,0,0,1
459,3115000,2,1,1,1,0,0,0,0,0,0,0,1
460,3087000,2,1,1,1,0,0,0,0,1,0,0,1
461,3080000,2,1,1,1,0,1,0,1,0,0,0,1
462,3080000,3,1,2,0,0,1,0,0,0,0,1,0
463,3080000,2,1,1,1,1,1,0,0,0,0,0,1
464,3080000,2,1,2,1,0,0,1,0,1,0,1,0
465,3045000,2,1,1,1,0,0,0,0,0,0,0,1
466,3010000,3,1,2,0,0,0,0,0,0,0,1,0
467,3010000,3,1,2,1,0,0,0,0,2,0,1,0
468,3010000,2,1,1,1,0,0,0,0,0,0,1,0
469,3010000,2,1,1,1,0,0,0,0,0,0,0,0
470,3010000,3,1,1,0,0,0,0,0,0,0,0,1
471,3010000,3,1,2,1,0,0,0,0,0,0,0,1
472,3010000,4,1,2,1,0,0,0,0,3,0,1,0
473,3003000,2,1,1,1,0,0,0,0,0,0,0,1
474,2975000,4,1,2,0,0,0,0,0,1,0,0,1
475,2961000,2,1,2,1,0,0,0,0,0,0,1,0
476,2940000,3,1,2,1,0,1,0,0,1,0,0,1
477,2940000,2,1,1,1,0,0,0,0,0,0,0,1
478,2940000,3,1,2,0,0,0,0,0,1,0,0,1
479,2940000,4,1,2,0,0,0,0,0,0,0,0,1
480,2940000,3,1,2,0,0,0,0,0,1,0,1,0
481,2940000,2,1,1,0,0,0,0,0,0,0,0,0
482,2940000,3,1,2,0,0,0,0,0,0,0,0,1
483,2940000,3,1,2,1,0,0,0,0,0,0,1,0
484,2870000,2,1,1,0,0,0,0,0,0,0,0,1
485,2870000,2,1,1,1,0,0,0,0,0,0,0,1
486,2870000,2,1,1,1,0,0,0,0,0,0,1,0
487,2870000,4,1,2,1,0,0,0,0,0,0,0,1
488,2852500,4,1,3,1,0,0,0,0,0,0,0,1
489,2835000,3,1,2,0,0,0,0,0,1,0,1,0
490,2835000,3,1,2,0,0,0,1,0,1,0,0,1
491,2835000,2,1,1,0,0,0,0,0,1,0,0,0
492,2800000,3,1,2,1,0,1,0,0,1,0,0,1
493,2800000,3,1,1,1,0,0,0,0,0,0,0,0
494,2730000,2,1,1,1,0,0,0,0,0,0,0,1
495,2730000,3,1,2,1,0,0,0,0,1,0,0,1
496,2695000,2,1,1,1,0,0,0,0,0,0,0,1
497,2660000,2,1,1,1,0,0,0,0,0,0,0,1
498,2660000,2,1,2,1,0,0,0,0,0,0,1,0
499,2660000,3,3,2,0,1,0,0,0,0,0,0,1
500,2660000,3,1,1,1,0,0,0,0,0,0,0,1
501,2660000,3,1,1,0,0,0,0,0,0,0,0,1
502,2660000,2,1,1,1,0,0,0,0,1,0,1,0
503,2660000,3,1,1,1,0,0,0,0,0,0,1,0
504,2653000,2,1,1,1,0,0,0,1,0,0,0,1
505,2653000,3,1,2,1,0,0,0,1,0,0,0,1
506,2604000,2,1,1,0,0,0,0,0,0,0,0,1
507,2590000,2,1,1,1,0,0,0,0,0,0,0,1
508,2590000,2,1,1,1,0,0,0,0,0,0,0,1
509,2590000,2,2,2,1,0,1,0,0,1,0,0,0
510,2520000,3,1,1,0,0,0,0,0,0,0,0,1
511,2520000,3,1,1,0,0,0,0,0,0,0,0,1
512,2520000,2,1,2,1,0,0,0,0,0,0,0,0
513,2485000,3,1,2,1,0,0,0,0,0,0,0,1
514,2485000,3,1,2,0,0,0,0,0,0,0,1,0
515,2450000,3,1,2,1,0,1,0,0,0,0,0,1
516,2450000,2,1,1,0,1,0,0,0,1,0,0,1
517,2450000,2,1,1,1,0,0,0,0,1,0,0,1
518,2450000,2,1,1,1,1,0,0,0,0,0,0,1
519,2450000,2,1,2,1,0,0,0,0,0,0,0,1
520,2450000,2,1,1,1,0,0,0,0,0,0,0,1
521,2408000,2,1,1,0,0,0,0,0,0,0,0,1
522,2380000,3,1,2,1,0,0,0,0,0,0,0,0
523,2380000,4,2,2,1,0,0,0,0,0,0,0,0
524,2380000,2,1,1,1,0,0,0,0,0,0,0,1
525,2345000,2,1,1,1,0,0,0,0,0,0,0,1
526,2310000,2,1,1,1,0,0,0,0,0,0,0,1
527,2275000,2,1,1,0,0,1,0,0,0,0,1,0
528,2275000,1,1,1,0,0,0,0,0,0,0,0,1
529,2275000,3,1,2,1,0,1,0,0,0,0,0,1
530,2240000,3,1,1,0,0,0,1,0,0,0,0,1
531,2233000,3,1,1,0,0,0,0,1,0,1,0,1
532,2135000,2,1,1,0,0,0,0,0,0,0,0,1
533,2100000,3,1,2,1,0,0,0,0,0,0,0,1
534,2100000,4,1,2,1,0,0,0,0,0,0,0,1
535,2100000,2,1,1,1,0,0,0,0,1,0,0,1
536,1960000,5,1,2,0,0,0,0,0,0,0,0,1
537,1890000,3,1,2,1,0,0,0,0,0,0,0,1
538,1890000,2,1,1,1,0,0,0,0,0,0,0,1
539,1855000,2,1,1,0,0,0,0,0,1,0,0,1
540,1820000,2,1,1,1,0,1,0,0,2,0,0,1
541,1767150,3,1,1,0,0,0,0,0,0,0,1,0
542,1750000,2,1,1,1,0,0,0,0,0,0,0,1
543,1750000,3,1,1,0,0,0,0,0,0,0,0,0
544,1750000,3,1,2,1,0,0,0,0,0,0,0,1
